School ID,School Name,City,State,Student Enrollment,Percent White,Percent Black,Percent Hispanic,Percent Asian,Average Score (SAT Math),Average Score (SAT Reading),Average Score (SAT Writing),Percent Tested
32K556,Bushwick Leaders High School for Academic Excellence,Brooklyn,NY,317,0.30%,16.70%,81.40%,0.90%,393,368,382,46.80%
32K554,All City Leadership Secondary School,Brooklyn,NY,358,1.70%,14.60%,77.00%,6.20%,467,446,448,85.00%
32K552,Academy of Urban Planning,Brooklyn,NY,279,0.70%,23.30%,73.80%,0.70%,392,374,379,41.90%
32K549,Bushwick School for Social Justice,Brooklyn,NY,405,2.50%,20.50%,76.00%,0.50%,365,357,357,50.00%
32K545,EBC High School for Public Service in Bushwick,Brooklyn,NY,514,0.20%,8.00%,90.70%,0.40%,389,374,378,50.00%
32K403,Academy for Environmental Leadership,Brooklyn,NY,340,1.50%,19.40%,77.10%,1.80%,365,366,348,71.30%
31R605,Staten Island Technical High School,Staten Island,NY,1247,52.20%,1.00%,5.20%,41.10%,711,660,670,99.70%
31R600,Ralph R. McKee Career and Technical Education High School,Staten Island,NY,624,19.70%,30.80%,42.50%,4.80%,420,429,409,38.00%
31R460,Susan E. Wagner High School,Staten Island,NY,3363,47.70%,10.90%,27.00%,13.40%,496,490,487,66.30%
31R455,Tottenville High School,Staten Island,NY,3982,79.90%,1.80%,11.80%,5.10%,494,476,476,78.90%
31R450,Curtis High School,Staten Island,NY,2499,17.70%,38.40%,36.00%,7.10%,453,458,444,64.20%
31R445,Port Richmond High School,Staten Island,NY,1628,21.70%,27.90%,42.80%,7.00%,432,427,425,44.60%
31R440,New Dorp High School,Staten Island,NY,2791,51.80%,12.10%,27.80%,7.50%,454,446,444,63.70%
31R080,Michael J. Petrides School,Staten Island,NY,1327,49.80%,22.30%,20.20%,6.90%,483,473,470,79.20%
31R064,Gaynor McCown Expeditionary Learning School,Staten Island,NY,479,61.60%,13.80%,19.00%,3.30%,442,458,454,55.80%
31R047,CSI High School for International Studies,Staten Island,NY,520,55.60%,8.80%,19.80%,11.20%,477,468,464,83.50%
30Q580,Baccalaureate School for Global Education,Astoria,NY,478,34.50%,2.50%,21.20%,39.60%,633,620,628,98.50%
30Q575,Academy of American Studies,Long Island City,NY,874,28.30%,7.30%,34.30%,29.30%,495,482,479,84.80%
30Q555,Newcomers High School,Long Island City,NY,993,6.20%,2.40%,54.60%,36.70%,490,374,381,47.10%
30Q502,Information Technology High School,Long Island City,NY,970,9.40%,14.90%,56.30%,18.20%,443,420,411,58.80%
30Q501,Frank Sinatra School of the Arts High School,Astoria,NY,808,38.70%,13.60%,33.40%,10.50%,536,543,543,89.50%
30Q450,Long Island City High School,Astoria,NY,2123,9.00%,13.50%,60.20%,15.70%,430,423,412,51.60%
30Q445,William Cullen Bryant High School,Astoria,NY,2496,16.10%,5.60%,48.70%,28.40%,466,424,426,56.90%
30Q301,Academy for Careers in Television and Film,Long Island City,NY,515,20.80%,15.90%,54.20%,5.80%,444,458,444,95.00%
30Q286,Young Women's Leadership School in Astoria,Astoria,NY,572,19.60%,4.70%,38.00%,37.70%,483,464,477,100.00%
29Q498,Humanities and Arts Magnet High School,Cambria Heights,NY,525,1.10%,81.00%,11.80%,5.50%,384,409,401,60.20%
29Q492,"Mathematics, Science Research, and Technology Magnet High School",Cambria Heights,NY,433,1.60%,72.30%,11.80%,9.90%,380,418,388,54.90%
29Q326,Cambria Heights Academy,Hollis,NY,372,2.20%,79.00%,9.10%,6.70%,418,424,411,58.50%
29Q283,Preparatory Academy for Writers (College Board),Springfield Gardens,NY,552,2.40%,81.00%,8.40%,4.20%,398,410,393,69.50%
29Q272,George Washington Carver High School for the Sciences,Springfield Gardens,NY,509,1.80%,75.60%,11.40%,9.40%,439,428,419,63.50%
29Q265,Excelsior Preparatory High School,Springfield Gardens,NY,491,1.20%,82.70%,9.20%,3.70%,384,407,400,70.10%
29Q259,Pathways College Preparatory School (College Board),Saint Albans,NY,599,1.30%,89.70%,5.70%,2.80%,405,427,409,72.40%
29Q248,Queens Preparatory Academy,Springfield Gardens,NY,492,1.00%,80.70%,9.10%,4.30%,423,422,403,83.70%
28Q896,Young Women's Leadership School in Queens,Jamaica,NY,557,1.90%,47.50%,19.70%,26.90%,415,420,433,90.40%
28Q690,High School for Law Enforcement and Public Safety,Jamaica,NY,604,1.80%,66.40%,18.90%,10.40%,410,431,409,56.60%
28Q687,Queens High School for the Sciences at York College,Jamaica,NY,426,6.10%,7.00%,10.60%,75.40%,701,621,625,97.90%
28Q686,Queens Metropolitan High School,Forest Hills,NY,1035,35.70%,4.20%,46.90%,11.00%,460,448,449,76.40%
28Q680,Queens Gateway to Health Sciences Secondary School,Jamaica,NY,779,2.90%,38.20%,14.20%,43.30%,524,511,514,92.50%
28Q620,Thomas A. Edison Career and Technical Education High School,Jamaica,NY,2098,4.20%,20.90%,22.40%,49.00%,514,473,470,80.00%
28Q505,Hillcrest High School,Jamaica,NY,3286,3.80%,30.30%,28.80%,34.50%,448,432,426,51.80%
28Q440,Forest Hills High School,Forest Hills,NY,3840,30.00%,9.60%,33.80%,24.60%,517,485,483,72.80%
28Q350,Jamaica Gateway to the Sciences,Jamaica,NY,516,2.30%,42.60%,10.90%,40.70%,487,460,463,78.60%
28Q328,High School for Community Leadership,Jamaica,NY,418,4.50%,42.30%,26.60%,22.70%,415,392,386,72.30%
28Q325,Hillside Arts and Letters Academy,Jamaica,NY,464,3.00%,37.70%,24.40%,27.80%,409,399,404,62.60%
28Q310,Queens Collegiate (College Board),Jamaica,NY,661,4.10%,53.40%,16.10%,24.80%,455,439,441,74.80%
28Q284,York Early College Academy,Jamaica,NY,611,1.20%,58.00%,10.30%,28.70%,496,481,473,92.90%
27Q650,"High School for Construction Trades, Engineering, and Architecture",Ozone Park,NY,959,12.30%,10.70%,35.60%,35.50%,489,457,451,78.90%
27Q480,John Adams High School,Ozone Park,NY,2634,2.90%,23.90%,37.90%,31.00%,418,401,395,38.40%
27Q475,Richmond Hill High School,Richmond Hill,NY,2175,5.40%,13.60%,48.20%,31.40%,413,406,399,37.90%
27Q400,August Martin High School,Jamaica,NY,679,1.50%,75.40%,13.00%,7.50%,366,372,364,26.30%
27Q351,Rockaway Collegiate High School,Rockaway Park,NY,397,3.80%,52.60%,33.50%,5.00%,399,403,405,46.50%
27Q324,Rockaway Park High School for Environmental Sustainability,Rockaway Park,NY,368,14.70%,46.70%,30.20%,3.50%,357,381,376,38.50%
27Q323,Scholars' Academy,Rockaway Park,NY,1302,34.70%,22.70%,19.60%,21.40%,588,560,568,99.20%
27Q309,Academy of Medical Technology (College Board),Far Rockaway,NY,637,2.70%,50.10%,37.70%,6.60%,422,424,415,67.60%
27Q308,Robert H. Goddard High School of Communication Arts and Technology,Ozone Park,NY,602,17.60%,7.30%,41.70%,29.40%,426,435,424,85.10%
27Q302,"Queens High School for Information, Research, and Technology",Far Rockaway,NY,381,2.10%,49.10%,43.60%,4.20%,372,362,352,44.60%
27Q262,Channel View School for Research,Rockaway Park,NY,683,10.70%,53.20%,29.10%,6.00%,427,430,423,76.60%
27Q260,Frederick Douglass Academy VI High School,Far Rockaway,NY,409,0.70%,59.70%,37.90%,1.50%,410,418,407,30.10%
26Q566,"Queens High School of Teaching, Liberal Arts, and the Sciences",Bellerose,NY,1120,8.40%,48.10%,17.50%,24.80%,453,434,439,72.40%
26Q495,Bayside High School,Bayside,NY,3336,18.10%,13.00%,27.90%,40.30%,523,479,485,76.70%
26Q435,Martin Van Buren High School,Queens Village,NY,1742,3.60%,52.70%,13.00%,27.00%,397,396,391,40.00%
26Q430,Francis Lewis High School,Fresh Meadows,NY,4172,14.90%,7.40%,23.10%,53.90%,562,483,485,80.70%
26Q415,Benjamin N. Cardozo High School,Oakland Gardens,NY,3505,14.90%,20.30%,19.40%,44.10%,563,505,510,75.60%
25Q670,Robert F. Kennedy Community High School,Fresh Meadows,NY,701,18.30%,13.00%,35.50%,31.20%,460,426,423,67.30%
25Q525,Townsend Harris High School,Flushing,NY,1132,21.90%,6.30%,11.60%,58.60%,680,640,661,97.10%
25Q460,Flushing High School,Flushing,NY,2186,3.70%,23.70%,51.10%,20.30%,444,407,405,46.10%
25Q425,John Bowne High School,Flushing,NY,3667,4.50%,18.40%,46.00%,29.40%,467,422,425,62.10%
25Q285,World Journalism Preparatory (College Board),Flushing,NY,610,50.30%,9.10%,22.70%,15.80%,484,491,487,89.20%
25Q281,East-West School of International Studies,Flushing,NY,666,5.30%,14.90%,18.30%,60.70%,521,457,451,89.40%
25Q263,Flushing International High School,Flushing,NY,437,2.50%,2.50%,38.40%,55.60%,481,323,323,67.70%
25Q252,Queens School of Inquiry,Fresh Meadows,NY,557,19.20%,19.50%,21.80%,36.20%,516,493,486,88.20%
24Q610,Aviation Career and Technical Education High School,Long Island City,NY,2168,11.00%,6.30%,49.00%,30.90%,511,464,456,78.60%
24Q600,Queens Vocational and Technical High School,Long Island City,NY,1553,7.30%,5.80%,74.60%,12.10%,467,436,432,53.40%
24Q585,Maspeth High School,Elmhurst,NY,973,35.80%,2.00%,44.60%,17.50%,476,471,480,90.00%
24Q560,Robert F. Wagner Jr. Secondary School for Arts and Technology,Long Island City,NY,610,10.90%,4.90%,64.30%,19.20%,478,445,445,71.10%
24Q550,High School for Arts and Business,Corona,NY,870,4.10%,7.80%,77.20%,10.20%,413,405,393,76.70%
24Q530,International High School at LaGuardia Community College,Long Island City,NY,509,13.00%,2.60%,45.00%,39.30%,425,367,365,71.70%
24Q520,Middle College High School at LaGuardia Community College,Long Island City,NY,514,7.00%,4.70%,79.60%,8.40%,377,389,377,48.70%
24Q485,Grover Cleveland High School,Ridgewood,NY,1828,18.90%,4.50%,65.70%,9.70%,452,422,416,38.90%
24Q455,Newtown High School,Elmhurst,NY,1921,4.30%,8.30%,61.40%,24.00%,434,401,389,39.10%
24Q299,Bard High School Early College Queens,Long Island City,NY,623,34.50%,11.40%,17.00%,34.20%,631,598,610,94.10%
24Q296,Pan American International High School,Elmhurst,NY,378,0.00%,0.00%,99.70%,0.30%,340,320,318,31.90%
24Q293,Civic Leadership Academy,Elmhurst,NY,479,5.60%,7.90%,71.80%,9.80%,435,424,418,68.90%
24Q267,High School of Applied Communication,Long Island City,NY,421,13.50%,12.60%,54.40%,15.90%,435,437,441,70.90%
24Q264,Academy of Finance and Enterprise,Long Island City,NY,478,15.30%,7.10%,51.90%,22.00%,489,456,459,92.70%
23K697,Teachers Preparatory High School,Brooklyn,NY,390,0.60%,83.00%,15.70%,0.30%,394,399,412,56.60%
23K514,Frederick Douglass Academy VII High School,Brooklyn,NY,319,0.30%,88.10%,11.30%,0.00%,400,407,394,65.40%
23K493,Brooklyn Collegiate (College Board),Brooklyn,NY,353,0.30%,87.50%,9.60%,1.40%,394,395,399,64.40%
22K555,Brooklyn College Academy,Brooklyn,NY,605,4.60%,72.20%,9.10%,7.90%,502,495,493,98.10%
22K535,Leon M. Goldstein High School for the Sciences,Brooklyn,NY,1081,59.10%,10.20%,10.60%,18.70%,563,534,543,94.00%
22K425,James Madison High School,Brooklyn,NY,3088,44.30%,17.40%,16.70%,21.20%,492,450,444,69.00%
22K405,Midwood High School,Brooklyn,NY,3787,23.30%,29.80%,12.50%,33.70%,550,514,516,85.70%
21K690,Brooklyn Studio Secondary School,Brooklyn,NY,901,53.30%,5.10%,25.00%,16.20%,458,434,434,67.80%
21K620,William E. Grady Career and Technical Education High School,Brooklyn,NY,613,6.40%,68.70%,18.10%,5.40%,416,423,387,31.40%
21K572,Expeditionary Learning School for Community Leaders,Brooklyn,NY,271,23.20%,17.30%,42.10%,15.50%,420,396,396,75.00%
21K559,Life Academy High School for Film and Music,Brooklyn,NY,271,13.70%,51.70%,26.60%,7.40%,369,379,378,70.20%
21K540,John Dewey High School,Brooklyn,NY,2006,13.70%,28.60%,20.70%,35.80%,512,418,396,62.70%
21K525,Edward R. Murrow High School,Brooklyn,NY,3968,26.70%,22.60%,21.70%,26.60%,500,479,472,75.20%
21K468,Kingsborough Early College School,Brooklyn,NY,564,42.50%,25.70%,24.30%,6.60%,474,462,449,65.80%
21K410,Abraham Lincoln High School,Brooklyn,NY,2341,20.10%,39.80%,23.70%,15.10%,441,422,422,54.90%
21K348,High School of Sports Management,Brooklyn,NY,290,5.50%,72.40%,16.90%,3.80%,367,374,361,56.20%
21K344,Rachel Carson High School for Coastal Studies,Brooklyn,NY,560,43.60%,22.50%,22.30%,10.20%,436,430,421,68.40%
21K337,International High School at Lafayette,Brooklyn,NY,358,25.70%,8.70%,24.00%,41.10%,424,343,337,84.30%
20K609,Urban Assembly School for Criminal Justice,Brooklyn,NY,496,15.00%,17.50%,20.40%,46.50%,428,413,417,83.60%
20K505,Franklin Delano Roosevelt High School,Brooklyn,NY,3220,18.60%,11.50%,29.30%,40.10%,504,411,407,54.00%
20K490,Fort Hamilton High School,Brooklyn,NY,4372,34.10%,4.50%,29.20%,30.10%,513,456,451,68.70%
20K485,High School of Telecommunication Arts and Technology,Brooklyn,NY,1329,16.30%,7.70%,56.70%,18.00%,475,440,445,81.60%
20K445,New Utrecht High School,Brooklyn,NY,3480,27.60%,4.00%,29.00%,38.60%,488,422,417,63.20%
19K683,"School for Classics: An Academy of Thinkers, Writers, and Performers",Brooklyn,NY,308,4.20%,60.70%,26.00%,7.80%,387,391,383,52.80%
19K660,W. H. Maxwell Career and Technical Education High School,Brooklyn,NY,506,0.60%,69.60%,28.10%,1.00%,326,333,350,38.50%
19K659,Cypress Hills Collegiate Preparatory School,Brooklyn,NY,330,3.30%,19.70%,71.20%,4.50%,365,370,362,53.80%
19K639,Brooklyn Lab School,Brooklyn,NY,334,0.90%,35.60%,56.90%,5.40%,383,376,370,46.80%
19K618,Academy of Innovative Technology,Brooklyn,NY,413,1.20%,45.50%,45.50%,5.30%,395,376,359,57.40%
19K615,Transit Tech Career and Technical Education High School,Brooklyn,NY,1093,1.30%,63.60%,27.20%,6.10%,387,387,384,37.20%
19K583,Multicultural High School,Brooklyn,NY,229,0.40%,0.00%,99.60%,0.00%,319,323,284,28.60%
19K510,World Academy for Total Community Health High School,Brooklyn,NY,284,1.40%,75.70%,19.00%,2.50%,380,389,384,40.90%
19K507,Performing Arts and Technology High School,Brooklyn,NY,406,0.50%,80.80%,18.20%,0.20%,375,393,394,39.80%
19K504,High School for Civil Rights,Brooklyn,NY,319,1.90%,74.00%,22.90%,0.30%,391,373,376,26.40%
19K502,FDNY High School for Fire and Life Safety,Brooklyn,NY,324,1.90%,71.60%,24.40%,1.20%,365,369,357,47.70%
19K409,East New York Family Academy,Brooklyn,NY,479,0.40%,67.60%,29.50%,2.20%,464,451,421,66.70%
19K404,Academy for Young Writers,Brooklyn,NY,547,1.20%,73.10%,21.90%,1.50%,382,413,391,81.20%
18K642,Urban Action Academy,Brooklyn,NY,309,4.20%,79.00%,12.30%,2.90%,362,396,393,44.90%
18K637,Academy for Conservation and the Environment,Brooklyn,NY,308,1.30%,86.00%,9.70%,1.60%,381,397,390,50.80%
18K633,High School for Medical Professions,Brooklyn,NY,432,0.20%,81.90%,13.20%,2.80%,404,427,424,60.20%
18K629,Cultural Academy for the Arts and Sciences,Brooklyn,NY,353,0.60%,90.40%,8.50%,0.60%,382,395,384,57.30%
18K617,High School for Innovation in Advertising and Media,Brooklyn,NY,303,2.60%,85.80%,9.60%,1.30%,390,410,397,59.10%
18K589,Arts and Media Preparatory Academy,Brooklyn,NY,279,1.40%,82.80%,12.50%,1.10%,370,383,374,64.20%
18K576,Victory Collegiate High School,Brooklyn,NY,331,1.20%,88.80%,6.30%,0.90%,386,408,402,72.70%
18K569,Kurt Hahn Expeditionary Learning School,Brooklyn,NY,341,0.30%,91.20%,6.70%,1.20%,378,394,388,72.60%
18K567,Brooklyn Theatre Arts High School,Brooklyn,NY,395,1.80%,82.00%,13.20%,0.50%,379,393,373,69.10%
18K566,Brooklyn Generation School,Brooklyn,NY,286,1.40%,85.00%,8.70%,1.70%,392,406,403,50.00%
18K563,It Takes a Village Academy,Brooklyn,NY,566,1.10%,90.30%,5.70%,0.50%,364,374,361,62.20%
17K751,Academy for Health Careers,Brooklyn,NY,373,0.80%,85.50%,8.80%,1.60%,406,405,396,48.10%
17K600,Clara Barton High School,Brooklyn,NY,1499,0.90%,89.50%,5.70%,1.80%,408,424,407,55.00%
17K590,Medgar Evers College Preparatory School,Brooklyn,NY,1271,0.60%,90.90%,3.30%,2.90%,525,500,481,89.00%
17K548,Brooklyn School for Music and Theatre,Brooklyn,NY,386,0.80%,82.60%,15.80%,0.80%,382,393,377,72.20%
17K547,Brooklyn Academy of Science and the Environment,Brooklyn,NY,453,1.30%,80.10%,12.60%,5.30%,419,411,416,58.50%
17K546,High School for Public Service: Heroes of Tomorrow,Brooklyn,NY,454,1.10%,75.80%,17.40%,5.30%,468,454,464,95.40%
17K543,"Science, Technology, and Research Early College High School at Erasmus",Brooklyn,NY,516,0.90%,87.10%,6.40%,4.00%,496,491,484,91.50%
17K539,High School for Service and Learning at Erasmus,Brooklyn,NY,445,2.00%,82.50%,10.60%,2.70%,377,382,356,45.50%
17K537,High School for Youth and Community Development at Erasmus,Brooklyn,NY,384,2.10%,85.40%,8.90%,2.30%,360,382,359,63.20%
17K533,School for Democracy and Leadership,Brooklyn,NY,319,2.30%,87.60%,7.40%,0.80%,386,385,390,53.50%
17K531,School for Human Rights,Brooklyn,NY,424,1.00%,90.70%,6.50%,1.40%,398,411,400,60.80%
17K528,High School for Global Citizenship,Brooklyn,NY,246,2.80%,82.10%,13.00%,1.60%,377,386,375,61.90%
17K524,International High School at Prospect Heights,Brooklyn,NY,414,13.30%,29.00%,38.90%,18.40%,344,302,300,81.70%
17K408,Academy of Hospitality and Tourism,Brooklyn,NY,285,1.10%,84.60%,10.20%,3.50%,374,385,375,62.00%
17K382,Academy for College Preparation and Career Exploration (College Board),Brooklyn,NY,505,0.80%,84.60%,12.30%,1.70%,386,397,393,57.30%
17K122,Pathways in Technology Early College High School,Brooklyn,NY,438,0.70%,85.60%,9.10%,3.00%,446,442,410,69.40%
16K688,Brooklyn Academy of Global Finance,Brooklyn,NY,152,2.00%,71.70%,20.40%,5.90%,395,382,391,45.90%
16K594,Gotham Professional Arts Academy,Brooklyn,NY,226,1.30%,81.90%,14.60%,0.90%,377,396,386,50.70%
16K498,Brooklyn High School for Law and Technology,Brooklyn,NY,596,1.20%,71.10%,23.80%,2.50%,395,401,383,62.70%
16K455,Boys and Girls High School,Brooklyn,NY,648,1.70%,87.20%,8.60%,0.90%,399,392,394,35.60%
15K684,Millennium Brooklyn High School,Brooklyn,NY,566,31.10%,26.00%,27.20%,9.50%,553,551,539,79.60%
15K667,Sunset Park High School,Brooklyn,NY,1333,6.80%,8.50%,77.30%,7.30%,398,380,381,61.60%
15K656,Brooklyn High School of the Arts,Brooklyn,NY,870,2.00%,70.30%,22.50%,1.70%,439,441,436,80.60%
15K519,Cobble Hill School of American Studies,Brooklyn,NY,596,4.40%,63.80%,25.00%,4.50%,416,420,402,55.30%
15K497,School for International Studies,Brooklyn,NY,466,9.90%,47.90%,36.30%,4.20%,417,406,394,65.10%
15K464,Park Slope Collegiate,Brooklyn,NY,423,3.60%,46.40%,36.50%,7.90%,405,377,395,59.60%
15K463,Secondary School for Journalism,Brooklyn,NY,285,6.30%,46.70%,37.50%,7.40%,408,435,415,58.80%
15K462,Secondary School for Law,Brooklyn,NY,351,3.40%,66.40%,25.90%,2.00%,420,424,414,74.70%
15K448,Brooklyn Secondary School for Collaborative Studies,Brooklyn,NY,685,9.30%,38.50%,45.30%,5.80%,401,411,404,84.10%
15K429,Brooklyn School for Global Studies,Brooklyn,NY,250,6.60%,54.80%,35.50%,2.40%,393,381,402,61.80%
14K685,El Puente Academy for Peace and Justice,Brooklyn,NY,245,1.20%,11.80%,85.30%,0.00%,344,380,379,62.50%
14K632,Frances Perkins Academy,Brooklyn,NY,142,2.10%,62.70%,32.40%,0.70%,399,413,400,46.30%
14K610,Automotive High School,Brooklyn,NY,383,2.90%,55.90%,38.10%,1.60%,367,381,328,31.60%
14K586,Lyons Community School,Brooklyn,NY,520,2.40%,39.80%,55.80%,1.80%,374,376,357,56.30%
14K561,Williamsburg Preparatory School,Brooklyn,NY,682,10.00%,16.40%,69.60%,2.60%,443,440,430,87.80%
14K558,Williamsburg High School for Architecture and Design,Brooklyn,NY,595,4.20%,31.60%,60.00%,2.40%,415,424,407,60.10%
14K488,Brooklyn Preparatory High School,Brooklyn,NY,494,2.00%,54.70%,40.30%,2.40%,391,406,391,74.50%
14K478,"High School for Enterprise, Business, and Technology",Brooklyn,NY,1001,2.50%,36.10%,56.90%,4.00%,463,446,425,54.50%
14K477,School for Legal Studies,Brooklyn,NY,598,1.30%,45.80%,50.00%,1.00%,393,390,394,34.80%
14K474,PROGRESS High School for Professional Careers,Brooklyn,NY,1098,0.80%,35.10%,62.60%,1.00%,380,377,384,44.90%
14K454,Green School: An Academy for Environmental Careers,Brooklyn,NY,276,1.40%,38.00%,59.10%,0.70%,384,398,399,41.10%
14K449,Brooklyn Latin School,Brooklyn,NY,676,13.50%,19.40%,14.50%,36.10%,625,588,591,97.50%
14K071,Juan Morel Campos Secondary School,Brooklyn,NY,692,2.50%,13.60%,82.70%,0.30%,366,356,353,56.30%
13K674,"City Polytechnic High School of Engineering, Architecture, and Technology",Brooklyn,NY,458,3.50%,69.70%,19.70%,6.60%,503,477,427,18.50%
13K670,Benjamin Banneker Academy,Brooklyn,NY,916,0.50%,86.40%,8.60%,3.40%,479,484,472,85.50%
13K605,George Westinghouse Career and Technical Education High School,Brooklyn,NY,634,2.10%,74.40%,19.70%,2.50%,394,422,400,45.30%
13K595,Bedford Academy High School,Brooklyn,NY,364,0.80%,84.60%,7.70%,3.00%,505,464,456,96.20%
13K527,Urban Assembly Institute of Math and Science for Young Women,Brooklyn,NY,470,4.90%,73.60%,14.80%,3.50%,397,415,407,82.40%
13K499,ACORN Community High School,Brooklyn,NY,504,1.60%,83.50%,12.90%,1.00%,379,395,385,61.30%
13K483,Urban Assembly School for Law and Justice,Brooklyn,NY,448,0.90%,71.40%,21.90%,2.00%,446,443,430,87.60%
13K439,Brooklyn International High School,Brooklyn,NY,345,13.90%,17.70%,26.70%,41.70%,432,334,333,92.70%
13K430,Brooklyn Technical High School,Brooklyn,NY,5447,20.50%,7.70%,7.60%,60.50%,682,608,606,95.50%
13K419,"Science Skills Center High School for Science, Technology, and the Creative Arts",Brooklyn,NY,528,2.10%,70.50%,18.40%,6.80%,399,397,386,65.90%
13K412,"Brooklyn Community High School of Communication, Arts, and Media",Brooklyn,NY,404,0.70%,78.50%,17.80%,1.20%,358,386,380,51.70%
13K350,Urban Assembly High School of Music and Art,Brooklyn,NY,387,0.50%,77.50%,20.70%,0.50%,372,372,361,55.10%
13K265,Dr. Susan S. McKinney Secondary School of the Arts,Brooklyn,NY,421,0.70%,73.00%,22.80%,0.70%,332,346,350,55.10%
12X692,Monroe Academy for Visual Arts and Design,Bronx,NY,445,0.90%,18.00%,78.40%,1.10%,361,354,351,46.80%
12X684,Wings Academy,Bronx,NY,501,1.20%,58.50%,37.90%,0.80%,379,372,373,49.20%
12X682,Fannie Lou Hamer Freedom High School,Bronx,NY,470,0.20%,28.50%,70.40%,0.40%,345,347,339,75.00%
12X550,High School of World Cultures,Bronx,NY,410,1.20%,8.30%,80.20%,8.00%,356,359,347,38.20%
12X521,Metropolitan Soundview High School,Bronx,NY,416,1.70%,26.20%,67.30%,2.60%,444,428,422,52.00%
12X511,Bronx Envision Academy,Bronx,NY,355,2.00%,34.40%,60.30%,2.00%,364,385,366,76.50%
12X479,Bronx Career and College Preparatory High School,Bronx,NY,333,0.60%,40.50%,56.80%,0.90%,370,379,381,40.70%
12X478,Cinema School,Bronx,NY,338,4.10%,21.90%,69.80%,3.80%,430,449,448,88.30%
12X388,Pan American International High School at Monroe,Bronx,NY,428,0.00%,0.00%,100.00%,0.00%,317,315,292,65.60%
12X372,Urban Assembly School for Wildlife Conservation,Bronx,NY,571,2.20%,25.30%,69.40%,2.20%,393,397,379,71.10%
12X278,Peace and Diversity Academy,Bronx,NY,170,1.80%,44.10%,52.40%,0.60%,366,362,365,27.10%
12X271,East Bronx Academy for the Future,Bronx,NY,618,0.50%,25.40%,71.00%,3.00%,418,406,408,41.10%
12X267,Bronx Latin,Bronx,NY,546,0.00%,21.20%,77.10%,1.70%,394,381,363,81.00%
12X251,Explorations Academy,Bronx,NY,358,2.00%,27.10%,69.80%,0.80%,377,372,365,43.00%
12X248,Metropolitan High School,Bronx,NY,326,0.30%,21.50%,74.80%,0.90%,387,388,386,65.90%
12X242,Mott Hall V,Bronx,NY,669,1.70%,22.20%,70.60%,4.20%,430,422,414,77.50%
11X545,Bronx Aerospace High School,Bronx,NY,431,2.10%,29.20%,64.50%,2.30%,403,410,393,50.50%
11X544,High School for Contemporary Arts,Bronx,NY,493,1.00%,38.10%,59.20%,0.80%,367,381,361,41.00%
11X542,Pelham Preparatory Academy,Bronx,NY,489,6.50%,35.60%,48.90%,5.50%,420,433,425,77.00%
11X514,Bronxwood Preparatory Academy,Bronx,NY,423,3.80%,61.90%,28.80%,3.30%,392,408,392,43.30%
11X513,New World High School,Bronx,NY,408,7.60%,9.30%,66.20%,13.70%,407,363,358,93.00%
11X509,High School of Language and Innovation,Bronx,NY,354,11.00%,11.90%,57.60%,16.70%,356,340,320,72.70%
11X508,Bronxdale High School,Bronx,NY,427,9.40%,28.80%,57.10%,3.00%,418,432,436,72.50%
11X455,Harry S. Truman High School,Bronx,NY,2058,2.20%,51.60%,42.70%,2.40%,400,401,391,41.50%
11X418,Bronx High School for the Visual Arts,Bronx,NY,483,6.80%,27.30%,61.50%,3.70%,408,428,404,32.50%
11X299,Astor Collegiate Academy,Bronx,NY,476,10.50%,33.40%,47.90%,6.50%,422,417,409,57.90%
11X290,Bronx Academy of Health Careers,Bronx,NY,465,1.90%,44.70%,47.30%,4.70%,386,380,391,59.40%
11X288,Collegiate Institute for Math and Science,Bronx,NY,687,9.50%,33.80%,43.50%,11.60%,488,461,458,79.80%
11X275,High School of Computers and Technology,Bronx,NY,567,1.20%,34.40%,58.00%,4.90%,396,399,377,65.60%
11X270,Academy for Scholarship and Entrepreneurship (College Board),Bronx,NY,371,1.10%,63.60%,30.50%,3.20%,392,408,400,63.40%
11X265,Bronx Lab School,Bronx,NY,471,1.50%,39.90%,54.40%,3.60%,407,416,401,77.40%
11X253,Bronx High School for Writing and Communication Arts,Bronx,NY,389,1.30%,45.00%,49.10%,3.30%,380,437,425,38.10%
11X249,Bronx Health Sciences High School,Bronx,NY,374,2.70%,51.90%,34.50%,7.50%,407,421,427,87.10%
10X696,High School of American Studies at Lehman College,Bronx,NY,376,50.80%,4.00%,15.20%,23.10%,669,672,672,91.80%
10X549,Discovery High School,Bronx,NY,530,2.30%,17.40%,77.20%,2.50%,432,396,395,39.90%
10X546,Bronx Theatre High School,Bronx,NY,428,1.60%,30.10%,67.10%,0.50%,382,384,390,66.70%
10X477,Marble Hill High School for International Studies,Bronx,NY,449,5.10%,24.50%,61.00%,8.90%,451,417,423,92.90%
10X445,Bronx High School of Science,Bronx,NY,3015,22.10%,2.60%,5.50%,62.80%,714,660,667,97.00%
10X442,Celia Cruz Bronx High School of Music,Bronx,NY,430,1.20%,25.30%,70.00%,1.40%,417,434,425,75.60%
10X440,DeWitt Clinton High School,Bronx,NY,2109,3.60%,31.60%,54.50%,8.60%,445,436,433,31.80%
10X439,Bronx High School for Law and Community Service,Bronx,NY,398,1.80%,24.40%,70.90%,1.30%,401,402,386,64.80%
10X438,Fordham Leadership Academy for Business and Technology,Bronx,NY,438,2.70%,27.60%,67.80%,1.80%,355,373,368,44.30%
10X437,Fordham High School for the Arts,Bronx,NY,401,2.50%,30.90%,65.10%,1.00%,398,404,412,56.20%
10X434,Belmont Preparatory High School,Bronx,NY,416,1.90%,30.00%,65.60%,2.20%,413,408,402,55.30%
10X433,High School for Teaching and the Professions,Bronx,NY,486,2.70%,20.40%,74.50%,1.90%,372,361,369,46.50%
10X374,Knowledge and Power Preparatory Academy International High School (KAPPA),Bronx,NY,487,2.10%,32.20%,61.40%,2.50%,408,417,404,66.70%
10X368,In-Tech Academy,Bronx,NY,1022,3.40%,10.80%,82.80%,2.80%,426,419,404,85.90%
10X342,International School for Liberal Arts,Bronx,NY,561,0.50%,0.00%,99.50%,0.00%,390,387,379,19.20%
10X284,Bronx School of Law and Finance,Bronx,NY,426,2.60%,30.30%,64.80%,2.10%,384,394,366,48.30%
10X268,Kingsbridge International High School,Bronx,NY,461,2.00%,5.20%,85.90%,6.50%,366,311,310,50.70%
10X243,West Bronx Academy for the Future,Bronx,NY,599,3.00%,21.10%,72.00%,2.70%,404,383,378,57.30%
10X237,"Marie Curie School for Medicine, Nursing, and Health Professions",Bronx,NY,583,3.30%,35.70%,56.90%,2.70%,423,420,425,68.60%
10X225,Theatre Arts Production Company School,Bronx,NY,632,0.70%,29.20%,66.60%,1.20%,402,421,410,77.70%
10X213,Bronx Engineering and Technology Academy,Bronx,NY,417,1.40%,34.30%,55.90%,6.70%,394,406,391,59.60%
10X141,Riverdale/Kingsbridge Academy,Bronx,NY,1381,23.70%,12.30%,55.70%,7.70%,496,485,476,69.40%
09X543,High School for Violin and Dance,Bronx,NY,384,0.30%,34.10%,64.60%,0.50%,363,401,396,31.30%
09X525,Bronx Leadership Academy High School,Bronx,NY,686,0.60%,35.70%,61.70%,0.40%,375,372,374,49.10%
09X517,Frederick Douglass Academy III Secondary School,Bronx,NY,427,2.30%,50.40%,45.40%,0.70%,387,386,386,50.50%
09X505,"Bronx School for Law, Government, and Justice",Bronx,NY,778,1.00%,23.10%,72.00%,2.20%,403,409,415,63.80%
09X413,Bronx High School for Medical Science,Bronx,NY,472,0.70%,36.70%,53.40%,7.10%,431,421,426,83.90%
09X412,Bronx High School of Business,Bronx,NY,339,1.20%,33.30%,63.10%,1.50%,365,360,346,33.30%
09X404,School for Excellence,Bronx,NY,421,1.00%,26.60%,70.80%,0.70%,377,385,383,38.40%
09X403,Bronx International High School,Bronx,NY,409,1.70%,20.00%,74.10%,3.40%,355,330,320,59.10%
09X365,Academy for Language and Technology,Bronx,NY,322,0.00%,0.30%,99.70%,0.00%,371,334,348,78.90%
09X329,DreamYard Preparatory School,Bronx,NY,336,1.20%,33.60%,60.70%,1.50%,385,385,388,51.10%
09X324,Bronx Early College Academy for Teaching and Learning,Bronx,NY,503,0.40%,28.70%,67.40%,3.60%,424,413,409,93.30%
09X297,Morris Academy for Collaborative Studies,Bronx,NY,471,0.40%,26.30%,72.00%,0.80%,407,389,386,44.80%
09X263,Validus Preparatory Academy: An Expeditionary Learning School,Bronx,NY,375,0.80%,26.90%,70.70%,1.60%,382,375,384,59.20%
09X260,Bronx Center for Science and Mathematics,Bronx,NY,457,1.50%,25.40%,65.90%,6.30%,513,468,485,73.90%
09X252,Mott Hall Bronx High School,Bronx,NY,402,1.20%,20.10%,75.60%,1.20%,417,399,398,46.20%
09X250,Eximius College Preparatory Academy (College Board),Bronx,NY,449,0.70%,45.20%,52.10%,1.10%,400,391,397,78.20%
09X241,Urban Assembly School for Applied Math and Science,Bronx,NY,619,1.10%,33.00%,64.10%,1.40%,445,418,422,87.80%
09X231,Eagle Academy for Young Men,Bronx,NY,608,0.50%,60.70%,36.00%,0.30%,398,410,397,65.70%
09X227,Bronx Collegiate Academy,Bronx,NY,382,0.30%,28.50%,69.10%,1.00%,395,401,382,45.50%
08X530,Banana Kelly High School,Bronx,NY,325,1.20%,37.20%,60.60%,0.00%,378,391,378,25.70%
08X519,Felisa Rincon de Gautier Institute for Law and Public Policy,Bronx,NY,307,2.90%,25.40%,67.80%,2.00%,389,408,413,31.30%
08X452,Bronx Guild,Bronx,NY,326,1.20%,32.20%,61.70%,4.00%,365,393,357,41.30%
08X405,Herbert H. Lehman High School,Bronx,NY,1535,10.60%,23.60%,54.90%,9.20%,426,419,407,28.90%
08X376,Antonia Pantoja Preparatory Academy (College Board),Bronx,NY,450,1.30%,26.20%,65.40%,6.30%,435,415,423,44.90%
08X367,"Archimedes Academy for Math, Science, and Technology Applications",Bronx,NY,637,2.20%,30.90%,60.60%,5.50%,418,430,403,51.20%
08X332,Holcombe L. Rucker School of Community Research,Bronx,NY,236,0.40%,43.20%,54.70%,0.40%,376,372,369,59.00%
08X312,Millennium Art Academy,Bronx,NY,487,1.80%,30.00%,65.10%,2.30%,396,413,395,39.20%
08X305,Pablo Neruda Academy,Bronx,NY,315,1.30%,26.00%,67.60%,4.40%,394,384,383,44.20%
08X293,Renaissance High School for Musical Theater and Technology,Bronx,NY,444,7.20%,27.90%,61.00%,3.20%,390,411,393,52.30%
08X282,Women's Academy of Excellence,Bronx,NY,345,2.60%,50.10%,41.20%,3.50%,386,390,389,45.20%
08X269,Bronx Studio School for Writers and Artists,Bronx,NY,565,0.60%,20.30%,76.90%,1.20%,417,412,403,71.60%
07X670,Health Opportunities High School,Bronx,NY,554,1.80%,36.10%,57.90%,3.10%,374,386,382,57.90%
07X600,Alfred E. Smith Career and Technical Education High School,Bronx,NY,375,0.80%,29.10%,68.30%,1.10%,390,373,371,29.80%
07X551,Urban Assembly Bronx Academy of Letters,Bronx,NY,591,1.50%,30.40%,66.90%,0.90%,398,400,405,57.80%
07X548,Urban Assembly School for Careers in Sports,Bronx,NY,587,1.40%,28.60%,69.50%,0.20%,402,405,395,55.50%
07X547,New Explorers High School,Bronx,NY,475,0.40%,31.40%,67.60%,0.40%,390,398,376,30.40%
07X527,Bronx Leadership Academy II High School,Bronx,NY,495,0.80%,32.30%,63.40%,2.20%,384,355,361,61.30%
07X500,Hostos-Lincoln Academy of Science,Bronx,NY,544,1.50%,22.50%,69.90%,3.80%,463,451,435,80.00%
07X495,University Heights Secondary School,Bronx,NY,486,1.60%,30.00%,64.60%,3.10%,420,446,424,87.80%
07X473,Mott Haven Village Preparatory High School,Bronx,NY,364,0.50%,25.30%,73.60%,0.30%,377,373,369,44.90%
07X427,Community School for Social Justice,Bronx,NY,324,1.20%,29.60%,67.30%,1.50%,380,382,362,38.40%
07X334,International Community High School,Bronx,NY,463,1.30%,14.00%,76.70%,6.50%,345,338,312,58.20%
07X221,South Bronx Preparatory (College Board),Bronx,NY,654,1.40%,25.20%,70.30%,1.70%,419,414,394,76.90%
06M552,Gregorio Luperon High School for Science and Mathematics,Manhattan,NY,504,0.00%,0.00%,100.00%,0.00%,383,355,352,71.00%
06M540,A. Philip Randolph Campus High School,Manhattan,NY,1354,1.70%,32.00%,59.70%,4.90%,459,453,447,74.00%
06M468,High School for Health Careers and Sciences,Manhattan,NY,605,1.50%,15.90%,79.80%,1.30%,374,385,389,56.20%
06M467,High School for Law and Public Service,Manhattan,NY,671,1.60%,16.80%,80.80%,0.40%,401,394,381,44.10%
06M463,High School for Media and Communications,Manhattan,NY,479,1.30%,13.80%,82.50%,1.90%,378,381,383,33.00%
06M462,College Academy,Manhattan,NY,491,0.60%,9.00%,89.20%,0.20%,367,377,363,41.90%
06M348,Washington Heights Expeditionary Learning School,Manhattan,NY,705,0.50%,3.80%,94.80%,0.30%,443,423,434,87.00%
06M346,Community Health Academy of the Heights,Manhattan,NY,629,2.70%,4.90%,91.80%,0.00%,387,389,385,55.30%
06M293,City College Academy of the Arts,Manhattan,NY,587,1.20%,3.80%,94.10%,0.90%,495,445,450,95.30%
05M692,"High School for Mathematics, Science, and Engineering at City College",Manhattan,NY,470,26.80%,9.60%,21.70%,38.50%,683,610,596,92.60%
05M670,Thurgood Marshall Academy for Learning and Social Change,Manhattan,NY,561,0.80%,77.60%,19.60%,1.30%,402,394,400,84.70%
05M499,Frederick Douglass Academy,Manhattan,NY,1428,1.40%,70.40%,23.20%,1.70%,463,452,450,65.10%
05M369,Urban Assembly School for the Performing Arts,Manhattan,NY,358,1.40%,52.20%,43.00%,0.80%,379,399,388,76.70%
05M367,Academy for Social Action (College Board),Manhattan,NY,234,2.80%,46.50%,49.30%,0.50%,357,349,365,54.00%
05M362,Columbia Secondary School,Manhattan,NY,659,14.80%,22.00%,48.10%,13.70%,583,561,546,88.20%
05M304,Mott Hall High School,Manhattan,NY,428,0.70%,38.30%,59.10%,0.90%,416,445,440,36.90%
04M680,Heritage School,Manhattan,NY,322,1.90%,32.30%,63.70%,1.20%,385,380,370,56.80%
04M610,Young Women's Leadership School,Manhattan,NY,480,3.40%,27.90%,57.40%,8.90%,478,465,472,100.00%
04M555,Central Park East High School,Manhattan,NY,466,3.90%,24.50%,63.30%,7.30%,483,468,439,97.90%
04M495,Park East High School,Manhattan,NY,413,1.70%,27.60%,63.70%,4.80%,429,433,435,89.60%
04M435,Manhattan Center for Science and Mathematics,Manhattan,NY,1603,4.20%,20.90%,54.10%,19.20%,556,505,495,87.60%
04M409,Coalition School for Social Change,Manhattan,NY,283,3.50%,41.00%,50.20%,4.20%,344,368,367,40.50%
03M860,Frederick Douglass Academy II Secondary School,Manhattan,NY,411,1.90%,67.80%,26.30%,2.20%,390,384,373,63.80%
03M541,Manhattan / Hunter Science High School,Manhattan,NY,451,13.10%,16.40%,37.90%,25.90%,581,531,535,97.20%
03M494,High School of Arts and Technology,Manhattan,NY,594,2.90%,32.50%,59.30%,3.90%,421,428,406,44.40%
03M492,"High School for Law, Advocacy, and Community Justice",Manhattan,NY,510,2.20%,42.00%,52.70%,2.40%,415,417,402,60.50%
03M485,Fiorello H. LaGuardia High School of Music and Art and Performing Arts,Manhattan,NY,2635,45.30%,11.30%,19.40%,19.40%,592,592,597,88.50%
03M479,Beacon High School,Manhattan,NY,1285,51.80%,13.70%,23.80%,8.90%,583,586,595,82.80%
03M417,Frank McCourt High School,Manhattan,NY,387,31.80%,15.80%,40.10%,8.80%,489,491,500,89.10%
03M415,Wadleigh Secondary School for the Performing and Visual Arts,Manhattan,NY,445,1.00%,52.00%,44.20%,1.80%,381,401,392,52.60%
03M403,Global Learning Collaborative,Manhattan,NY,496,5.40%,25.00%,66.30%,2.40%,406,407,413,59.40%
03M402,Urban Assembly School for Green Careers,Manhattan,NY,353,2.80%,23.20%,72.00%,1.10%,393,371,378,60.00%
03M307,Urban Assembly School for Media Studies,Manhattan,NY,412,1.70%,36.40%,57.80%,1.90%,392,419,396,49.50%
03M299,"High School for Arts, Imagination, and Inquiry",Manhattan,NY,447,0.90%,38.50%,58.80%,0.40%,375,389,380,58.80%
02M655,Life Sciences Secondary School,Manhattan,NY,697,3.20%,28.30%,62.20%,4.30%,435,440,425,63.00%
02M630,Art and Design High School,Manhattan,NY,1476,10.80%,24.10%,54.70%,8.50%,455,475,458,70.10%
02M615,Chelsea Career and Technical Education High School,Manhattan,NY,439,3.20%,28.90%,57.40%,8.20%,439,418,400,80.40%
02M600,High School of Fashion Industries,Manhattan,NY,1770,3.80%,36.30%,53.80%,5.00%,433,442,427,80.60%
02M580,Richard R. Green High School of Teaching,Manhattan,NY,566,2.70%,31.10%,58.80%,6.20%,411,415,409,60.00%
02M551,Urban Assembly New York Harbor School,Manhattan,NY,447,18.80%,23.70%,51.70%,2.90%,446,453,428,78.80%
02M545,High School for Dual Language and Asian Studies,Manhattan,NY,416,1.70%,3.10%,5.50%,88.90%,613,453,463,95.90%
02M543,New Design High School,Manhattan,NY,441,3.90%,30.80%,56.90%,5.90%,381,396,372,73.70%
02M542,Manhattan Bridges High School,Manhattan,NY,529,0.00%,0.00%,100.00%,0.00%,409,360,347,84.40%
02M531,Repertory Company High School for Theatre Arts,Manhattan,NY,246,8.50%,37.40%,50.40%,1.60%,425,451,458,89.50%
02M529,Jacqueline Kennedy Onassis High School,Manhattan,NY,676,3.60%,21.30%,70.10%,4.00%,418,422,415,53.80%
02M520,Murry Bergtraum High School for Business Careers,Manhattan,NY,971,3.00%,46.10%,40.70%,8.90%,418,415,398,44.30%
02M519,Talent Unlimited High School,Manhattan,NY,506,20.40%,33.40%,39.90%,4.90%,485,498,496,89.30%
02M507,Urban Assembly Gateway School for Technology,Manhattan,NY,472,5.70%,30.30%,53.80%,7.80%,445,432,415,78.40%
02M500,Unity Center for Urban Technologies,Manhattan,NY,284,4.90%,27.50%,58.80%,6.00%,375,385,387,62.80%
02M489,High School of Economics and Finance,Manhattan,NY,796,7.20%,22.90%,47.10%,21.70%,469,442,447,66.80%
02M475,Stuyvesant High School,Manhattan,NY,3296,20.40%,0.80%,2.60%,73.40%,754,697,693,97.40%
02M459,Manhattan International High School,Manhattan,NY,343,12.20%,16.60%,41.10%,29.40%,438,358,382,58.60%
02M449,Vanguard High School,Manhattan,NY,486,4.70%,27.40%,57.00%,7.60%,431,409,396,63.80%
02M439,Manhattan Village Academy,Manhattan,NY,415,7.20%,9.60%,67.20%,7.20%,522,479,510,98.80%
02M438,International High School at Union Square,Manhattan,NY,353,9.90%,14.20%,45.30%,30.60%,403,330,316,53.20%
02M437,Hudson High School of Learning Technologies,Manhattan,NY,483,3.30%,29.20%,59.40%,6.40%,378,407,388,71.80%
02M427,Manhattan Academy for Arts and Language,Manhattan,NY,334,1.50%,4.80%,91.30%,2.40%,350,334,321,46.10%
02M425,Leadership and Public Service High School,Manhattan,NY,699,4.40%,27.90%,61.90%,3.90%,390,396,392,54.90%
02M420,High School for Health Professions and Human Services,Manhattan,NY,1664,7.30%,18.90%,50.90%,22.40%,452,445,430,86.90%
02M419,Landmark High School,Manhattan,NY,355,1.70%,24.20%,68.50%,3.70%,386,386,386,30.60%
02M418,Millennium High School,Manhattan,NY,659,32.80%,7.60%,18.20%,38.40%,577,560,567,94.00%
02M416,Eleanor Roosevelt High School,Manhattan,NY,541,61.40%,4.40%,10.90%,20.10%,641,617,631,86.00%
02M414,NYC Museum School,Manhattan,NY,471,12.10%,12.70%,39.70%,34.20%,560,530,522,90.00%
02M413,School of the Future High School,Manhattan,NY,713,35.90%,11.70%,30.40%,14.40%,534,533,522,89.90%
02M412,NYC Lab School for Collaborative Studies,Manhattan,NY,587,46.00%,6.00%,15.50%,27.60%,595,550,555,79.80%
02M411,Baruch College Campus High School,Manhattan,NY,451,22.80%,6.20%,14.90%,54.80%,592,526,531,94.30%
02M408,Professional Performing Arts High School,Manhattan,NY,536,42.90%,26.20%,22.30%,2.50%,496,520,516,72.20%
02M407,Institute for Collaborative Education,Manhattan,NY,482,56.50%,14.10%,14.90%,5.80%,501,550,541,78.60%
02M400,High School for Environmental Studies,Manhattan,NY,1301,6.60%,14.70%,62.90%,15.10%,469,454,444,74.00%
02M399,High School for Language and Diplomacy,Manhattan,NY,437,5.70%,20.40%,40.30%,31.10%,446,433,411,70.20%
02M393,Business of Sports School,Manhattan,NY,449,1.60%,35.40%,59.50%,2.20%,395,386,371,67.50%
02M392,Manhattan Business Academy,Manhattan,NY,438,3.90%,28.10%,62.10%,3.40%,410,407,399,69.70%
02M376,NYC iSchool,Manhattan,NY,442,28.70%,19.90%,39.80%,8.60%,518,515,503,96.00%
02M374,Gramercy Arts High School,Manhattan,NY,530,5.80%,42.50%,44.20%,3.60%,446,459,455,79.60%
02M316,Urban Assembly School of Business for Young Women,Manhattan,NY,405,2.20%,52.80%,39.30%,3.50%,418,420,417,75.00%
02M308,Lower Manhattan Arts Academy,Manhattan,NY,383,3.10%,28.20%,56.90%,8.60%,418,428,415,65.10%
02M305,Urban Assembly Academy of Government and Law,Manhattan,NY,329,2.70%,41.90%,49.20%,5.80%,389,395,381,80.80%
02M303,Facing History School,Manhattan,NY,406,2.20%,27.30%,67.50%,1.70%,366,356,371,57.30%
02M300,Urban Assembly School of Design and Construction,Manhattan,NY,414,3.40%,29.50%,59.20%,6.00%,445,417,403,60.60%
02M298,Pace High School,Manhattan,NY,423,1.90%,28.10%,45.40%,13.70%,430,435,427,87.80%
02M296,High School of Hospitality Management,Manhattan,NY,424,1.70%,21.00%,71.20%,5.00%,451,433,424,56.20%
02M294,Essex Street Academy,Manhattan,NY,358,11.70%,38.50%,41.30%,5.90%,395,411,387,78.90%
02M288,Food and Finance High School,Manhattan,NY,427,3.00%,39.60%,52.20%,4.70%,428,435,421,52.00%
01M696,Bard High School Early College,Manhattan,NY,545,45.30%,17.20%,18.70%,17.10%,634,641,639,70.80%
01M539,"New Explorations into Science, Technology and Math High School",Manhattan,NY,1735,28.60%,13.30%,18.00%,38.50%,657,601,601,91.00%
01M509,Marta Valle High School,Manhattan,NY,363,2.50%,39.90%,51.20%,5.80%,438,413,394,35.60%
01M450,East Side Community School,Manhattan,NY,666,8.30%,22.10%,57.90%,9.40%,454,428,445,85.20%
01M448,University Neighborhood High School,Manhattan,NY,304,3.30%,25.00%,41.10%,29.90%,437,355,352,69.90%
01M292,Henry Street School for International Studies,Manhattan,NY,255,3.90%,24.40%,56.60%,13.20%,410,406,381,59.70%